Hashtags, count
'#bookthesurprise',12
'#love',6
'#motivationalquotes',	5
'#lovequotes',5
'#familyquotes',4
'#quotestoliveby',	4
'#poetry',	4
'#happyquotes',	4
'#quotesoflove',	4
'#balloonquotes',	4
'#quotesaboutlife',	4
'#birthdayquotes',	4
'#surprisequotes',	4
'#weddingquotes',	4
'#giftquoteoftheday',	4
'#surprisegift',	4
'#gifts',	4
'#quotesoftheday',	4
'#eventquotes',	4
'#quotestagram',	4
'#quotes',	4
'#birthdaygifts',	3
'#sister',	3
'#sisterlove',	3
'#lifequotes',	3
'#quotesdaily',	3
'#brothersisterlove',	3
'#brother',	3
'#gift',	3
'#giftideas',	3
'#rakhihampers',	3
'#siblings',	2
'#birthdayballoons',	2
'#happy',	2
'#family',	2
'#caricatureartist',	2
'#followforfollowback',	2
'#birthday',	2
'#weddinggifts',	2
'#surprisegiftbox',	2
'#couplegoals',	2
'#gifthampers',	2
'#gifthamper',	2
'#instagram',	2
'#giftbox',	2
'#happyrakhi',	2
'#rakhifestival',	2
'#handmade',	2
'#brotherhood',	2
'#giftsforher',	2
'#caricature',	1
'#caricatura',	1
'#portrait',	1
'#artwork',	1
'#giftforbirthday',	1
'#drawing',	1
'#illustration',	1
'#caricatures',	1
'#caricatureart',	1
'#cartoon',	1
'#sketch',	1
'#digitalart',	1
'#art',	1
'#artist',	1
'#draw',	1
'#caricaturedrawing',	1
'#caricaturist',	1
'#bro',	1
'#surpriserakhigift',	1
'#rakhigift',	1
'#festival',	1
'#handmaderakhi',	1
'#fashion',	1
'#india',	1
'#rakhicelebration',	1
'#rakhis',	1
'#rakshabandhanspecial',	1
'#photorakhis',	1
'#life',	1
'#instagood',	1
'#brothers',	1
'#karikatur',	1
'#weddingphotoshoot',	1
'#caricaturegifts',	1
'#giftingideas',	1
'#coffeemug',	1
'#pillowcover',	1
'#pillowprint',	1
'#birthdaycakes',	1
'#couplegifts',	1
'#siblingslove',	1
'#caricaturas',	1
'#artistsoninstagram',	1
'#painting',	1
'#birthdayhamper',	1
'#anniversarygifts',	1
'#chocolatebouquet',	1
'#follow4followback',	1
'#beautiful',	1
'#sisterinlaw',	1
'#mysister',	1
'#sistertime',	1
'#sistersister',	1
'#sisterhood',	1
'#sisters',	1
'#sisterslove',	1
'#sibilinglove',	1
'#balloondecoration',	1
'#inspirationalquotes',	1
'#airballoons',	1
'#sistersforlife',	1
'#heluimballoons',	1
'#balloonbouquet',	1
'#likesforlike',	1
'#photography',	1
'#partyideas',	1
'#eventplanner',	1
'#surprisebirthday',	1
'#balloonsbouquet',	1
'#balloonsbox',	1
'#surprisebox',	1
'#balloons',	1
'#sisterforever',	1
'#sistersquad',	1
'#diwali',	1
'#surprise',	1
'#gifting',	1
'#customised',	1
'#hamper',	1
'#chocolate',	1
'#hampers',	1
'#like',	1
'#giftsforhim',	1
'#weddinginvitations',	1
'#weddingphotography',	1
'#anniversarycake',	1
'#balloonsdecoration',	1
'#celebration',	1
'#sisterly',	1
'#years',	1
'#birthdayparty',	1
'#graduation',	1
'#babyshower',	1
'#anniversarygift',	1
'#happybirthday',	1
'#party',	1
'#wedding',	1
'#anniversary',	1
'#surpriseyoursister',	1
'#littlesister',	1
'#celebritystyle',	1